,1Feature,CE,CE dropped,2Feature,CE,CE dropped,3Feature,CE,CE dropped
1,left20,0.799481491,0.419023994,left20_left30,0.727652171,0.070991285,left20_left30_left40,0.687430309,0.001773102
2,left30,0.798643456,0.419862029,left20_left40,0.689203411,0.11027808,left20_left30_left50,0.573783457,0.042225118
3,left40,0.807995953,0.410509532,left20_left50,0.616008575,0.096885198,left20_left30_left60,0.571649519,0.020207696
4,left50,0.712893773,0.505611712,left20_left60,0.591857215,0.103846584,left20_left30_left70,0.495940754,0.043876162
5,left60,0.695703799,0.522801686,left20_left70,0.539816916,0.098799986,left20_left30_left80,0.344303834,0.061040483
6,left70,0.638616902,0.579888583,left20_left80,0.405344317,0.099330663,left20_left30_left90,0.326509923,0.006929905
7,left80,0.50467498,0.713830505,left20_left90,0.354655136,0.03619028,left20_left30_peak,0.527141807,0.033130549
8,left90,0.390845416,0.827660069,left20_peak,0.592894341,0.20658715,left20_left30_peakdate,0.641716861,0.050942983
9,peak,0.89936956,0.319135925,left20_peakdate,0.695642452,0.103839039,left20_left30_peakvalue,0.566800355,0.12028741
10,peakdate,0.847458791,0.371046694,left20_peakvalue,0.695732703,0.103748788,left20_left30_right80,0.416920842,0.059407977
11,peakvalue,0.999138905,0.21936658,left20_right80,0.50360657,0.260853279,left20_left30_right70,0.383115195,0.084682268
12,right80,0.764459849,0.454045636,left20_right70,0.510610491,0.288871,left20_left30_right60,0.475322603,0.082614022
13,right70,0.847900218,0.370605267,left20_right60,0.591839062,0.207642429,left20_left30_right50,0.452977672,0.076434952
14,right60,0.885321033,0.333184452,left20_right50,0.586074072,0.213407419,left20_left30_right40,0.481094356,0.100733032
15,right50,0.961511156,0.256994329,left20_right40,0.582221283,0.217260208,left20_left40_left50,0.572763325,0.04324525
16,right40,0.976285189,0.242220296,left30_left40,0.756390845,0.042252611,left20_left40_left60,0.524174532,0.067682683
17,right30,1.100038,0.101469,left30_left50,0.633178012,0.079715761,left20_left40_left70,0.484439718,0.055377198
18,right20,0.8844151,0.0921713,left30_left60,0.642958067,0.052745732,left20_left40_left80,0.338601293,0.066743024
19,,,,left30_left70,0.55938096,0.079235942,left20_left40_left90,0.322578955,0.010527308
20,,,,left30_left80,0.417124617,0.087550363,left20_left40_peak,0.484181141,0.07553406
21,,,,left30_left90,0.333439828,0.057405588,left20_left40_peakdate,0.610881737,0.078321674
22,,,,left30_peak,0.560272356,0.2383711,left20_left40_peakvalue,0.563441865,0.125761546
23,,,,left30_peakdate,0.692659844,0.105983612,left20_left40_right80,0.378448208,0.086147867
24,,,,left30_peakvalue,0.687087765,0.111555691,left20_left40_right70,0.385678776,0.113027217
25,,,,left30_right80,0.476328819,0.28813103,left20_left40_right60,0.459928786,0.114400218
26,,,,left30_right70,0.467797463,0.330845993,left20_left40_right50,0.427548017,0.135240717
27,,,,left30_right60,0.557936625,0.240706831,left20_left40_right40,0.444159196,0.138062087
28,,,,left30_right50,0.529412624,0.269230832,left20_left50_left60,0.523125367,0.068731848
29,,,,left30_right40,0.581827388,0.216816068,left20_left50_left70,0.48967081,0.050146106
30,,,,left40_left50,0.645314059,0.067579714,left20_left50_left80,0.331965188,0.073379129
31,,,,left40_left60,0.619206181,0.076497618,left20_left50_left90,0.310521058,0.025580802
32,,,,left40_left70,0.552430881,0.086186021,left20_left50_peak,0.460815898,0.068649537
33,,,,left40_left80,0.40670721,0.09796777,left20_left50_peakdate,0.506546638,0.106647789
34,,,,left40_left90,0.333106263,0.057739153,left20_left50_peakvalue,0.46199863,0.139407212
35,,,,left40_peak,0.559715201,0.248280752,left20_left50_right80,0.359352692,0.057525864
36,,,,left40_peakdate,0.725355809,0.082640144,left20_left50_right70,0.368001133,0.072219597
37,,,,left40_peakvalue,0.709133674,0.098862279,left20_left50_right60,0.422167983,0.069405056
38,,,,left40_right80,0.464596075,0.299863774,left20_left50_right50,0.42938806,0.084644772
39,,,,left40_right70,0.498705993,0.30928996,left20_left50_right40,0.438611589,0.106955917
40,,,,left40_right60,0.574329004,0.233666949,left20_left60_left70,0.511279168,0.028537748
41,,,,left40_right50,0.562788734,0.245207219,left20_left60_left80,0.381650972,0.023693345
42,,,,left40_right40,0.592356561,0.215639392,left20_left60_left90,0.297722722,0.038317061
43,,,,left50_left60,0.631499425,0.064204374,left20_left60_peak,0.437677744,0.068242184
44,,,,left50_left70,0.578350734,0.060266168,left20_left60_peakdate,0.493568538,0.082358668
45,,,,left50_left80,0.432617086,0.072057894,left20_left60_peakvalue,0.483863513,0.092346808
46,,,,left50_left90,0.33610186,0.054743556,left20_left60_right80,0.320392426,0.06859655
47,,,,left50_peak,0.529465435,0.183428338,left20_left60_right70,0.275974413,0.122988973
48,,,,left50_peakdate,0.613194427,0.099699346,left20_left60_right60,0.375211886,0.114969454
49,,,,left50_peakvalue,0.601405842,0.111487931,left20_left60_right50,0.339073588,0.107303821
50,,,,left50_right80,0.416878556,0.296015217,left20_left60_right40,0.358168485,0.145560253
51,,,,left50_right70,0.44022073,0.272673043,left20_left70_left80,0.380717631,0.024626686
52,,,,left50_right60,0.491573039,0.221320734,left20_left70_left90,0.301466731,0.053188405
53,,,,left50_right50,0.514032832,0.198860941,left20_left70_peak,0.422145356,0.11767156
54,,,,left50_right40,0.545567506,0.167326267,left20_left70_peakdate,0.450250882,0.066822771
55,,,,left60_left70,0.578762904,0.059853998,left20_left70_peakvalue,0.437140134,0.090494019
56,,,,left60_left80,0.453056592,0.051618388,left20_left70_right80,0.324583439,0.133275839
57,,,,left60_left90,0.336039783,0.054805633,left20_left70_right70,0.316434249,0.139674173
58,,,,left60_peak,0.505919928,0.189783871,left20_left70_right60,0.365299512,0.101381188
59,,,,left60_peakdate,0.575927206,0.119776593,left20_left70_right50,0.356990206,0.123198896
60,,,,left60_peakvalue,0.576210321,0.119493478,left20_left70_right40,0.36686063,0.10689868
61,,,,left60_right80,0.388988976,0.306714823,left20_left80_left90,0.228529026,0.065041917
62,,,,left60_right70,0.398963386,0.296740413,left20_left80_peak,0.257844699,0.112877689
63,,,,left60_right60,0.49018134,0.205522459,left20_left80_peakdate,0.296846501,0.068297735
64,,,,left60_right50,0.446377409,0.24932639,left20_left80_peakvalue,0.274654165,0.109184784
65,,,,left60_right40,0.503728738,0.191975061,left20_left80_right80,0.144685481,0.099317673
66,,,,left70_left80,0.4735914,0.03108358,left20_left80_right70,0.199247086,0.131514272
67,,,,left70_left90,0.377470432,0.013374984,left20_left80_right60,0.244936691,0.133900255
68,,,,left70_peak,0.555883574,0.082733328,left20_left80_right50,0.206048471,0.142004033
69,,,,left70_peakdate,0.517073653,0.121543249,left20_left80_right40,0.261468006,0.143876311
70,,,,left70_peakvalue,0.527634153,0.110982749,left20_left90_peak,0.31476167,0.039893466
71,,,,left70_right80,0.457859278,0.180757624,left20_left90_peakdate,0.294689422,0.059307817
72,,,,left70_right70,0.456108422,0.18250848,left20_left90_peakvalue,0.286491576,0.055908906
73,,,,left70_right60,0.4666807,0.171936202,left20_left90_right80,0.269843843,0.058024123
74,,,,left70_right50,0.480189102,0.1584278,left20_left90_right70,0.242755031,0.060714864
75,,,,left70_right40,0.47375931,0.164857592,left20_left90_right60,0.285210213,0.021101245
76,,,,left80_left90,0.293570943,0.097274473,left20_left90_right50,0.292342689,0.040918644
77,,,,left80_peak,0.370722388,0.133952592,left20_left90_right40,0.317390334,0.033532766
78,,,,left80_peakdate,0.365144236,0.139530744,left20_peak_peakdate,0.489120811,0.10377353
79,,,,left80_peakvalue,0.383838949,0.120836031,left20_peak_peakvalue,0.512598874,0.080295467
80,,,,left80_right80,0.244003154,0.260671826,left20_peak_right80,0.405116737,0.098489833
81,,,,left80_right70,0.330761358,0.173913622,left20_peak_right70,0.312513569,0.198096922
82,,,,left80_right60,0.378836946,0.125838034,left20_peak_right60,0.429515132,0.16232393
83,,,,left80_right50,0.348052504,0.156622476,left20_peak_right50,0.421278429,0.164795643
84,,,,left80_right40,0.410469679,0.094205301,left20_peak_right40,0.416544965,0.165676318
85,,,,left90_peak,0.367632407,0.023213009,left20_peakdate_peakvalue,0.570169704,0.125472748
86,,,,left90_peakdate,0.353997239,0.036848177,left20_peakdate_right80,0.430362408,0.073244162
87,,,,left90_peakvalue,0.342400482,0.048444934,left20_peakdate_right70,0.394469048,0.116141443
88,,,,left90_right80,0.327867966,0.06297745,left20_peakdate_right60,0.445924245,0.145914817
89,,,,left90_right70,0.303469895,0.087375521,left20_peakdate_right50,0.421128642,0.16494543
90,,,,left90_right60,0.306311458,0.084533958,left20_peakdate_right40,0.409125214,0.173096069
91,,,,left90_right50,0.333261333,0.057584083,left20_peakvalue_right80,0.403696525,0.099910045
92,,,,left90_right40,0.3509231,0.039922316,left20_peakvalue_right70,0.340770242,0.169840249
93,,,,peak_peakdate,0.682943996,0.164514795,left20_peakvalue_right60,0.446671947,0.145167115
94,,,,peak_peakvalue,0.779705104,0.119664456,left20_peakvalue_right50,0.46934433,0.116729742
95,,,,peak_right80,0.612575209,0.15188464,left20_peakvalue_right40,0.457265492,0.124955791
96,,,,peak_right70,0.668390351,0.179509867,left20_right80_right70,0.391657048,0.111949522
97,,,,peak_right60,0.683551285,0.201769748,left20_right80_right60,0.433273645,0.070332925
98,,,,peak_right50,0.720144463,0.179225097,left20_right80_right50,0.454718141,0.048888429
99,,,,peak_right40,0.697701683,0.201667877,left20_right80_right40,0.408542082,0.095064488
100,,,,peakdate_peakvalue,0.759179226,0.088279565,left20_right70_right60,0.480278259,0.030332232
101,,,,peakdate_right80,0.628425262,0.136034587,left20_right70_right50,0.447732447,0.062878044
102,,,,peakdate_right70,0.639004881,0.20845391,left20_right70_right40,0.430709837,0.079900654
103,,,,peakdate_right60,0.640589918,0.206868873,left20_right60_right50,0.451235883,0.134838189
104,,,,peakdate_right50,0.680745713,0.166713078,left20_right60_right40,0.460714587,0.121506696
105,,,,peakdate_right40,0.661220043,0.186238748,left20_right50_right40,0.505263827,0.076957456
106,,,,peakvalue_right80,0.627455095,0.137004754,left30_left40_left50,0.589932762,0.04324525
107,,,,peakvalue_right70,0.695909879,0.151990339,left30_left40_left60,0.586101894,0.033104287
108,,,,peakvalue_right60,0.750747601,0.134573432,left30_left40_left70,0.537164549,0.015266332
109,,,,peakvalue_right50,0.796601775,0.164909381,left30_left40_left80,0.387266649,0.019440561
110,,,,peakvalue_right40,0.828785209,0.14749998,left30_left40_left90,0.325535071,0.007571192
111,,,,right80_right70,0.674167909,0.09029194,left30_left40_peak,0.506752045,0.052963156
112,,,,right80_right60,0.693350582,0.071109267,left30_left40_peakdate,0.652437982,0.040221862
113,,,,right80_right50,0.706842607,0.057617242,left30_left40_peakvalue,0.613470625,0.07361714
114,,,,right80_right40,0.673116346,0.091343503,left30_left40_right80,0.417061335,0.04753474
115,,,,right70_right60,0.783888648,0.06401157,left30_left40_right70,0.405558252,0.062239211
116,,,,right70_right50,0.764846535,0.083053683,left30_left40_right60,0.503540093,0.054396532
117,,,,right70_right40,0.764769144,0.083131074,left30_left40_right50,0.433946213,0.095466411
118,,,,right60_right50,0.81930798,0.066013053,left30_left40_right40,0.504276146,0.077551242
119,,,,right60_right40,0.82514378,0.060177253,left30_left50_left60,0.557175086,0.074324339
120,,,,right50_right40,0.863838733,0.097672423,left30_left50_left70,0.509284082,0.050096878
121,,,,left20_right30,0.702231548,0.097249943,left30_left50_left80,0.354668053,0.062456564
122,,,,left30_right30,0.674032668,0.124610788,left30_left50_left90,0.276160726,0.057279102
123,,,,left40_right30,0.63601932,0.171976633,left30_left50_peak,0.464576462,0.064888973
124,,,,left50_right30,0.631516614,0.081377159,left30_left50_peakdate,0.527066396,0.086128031
125,,,,left60_right30,0.567586179,0.12811762,left30_left50_peakvalue,0.478721774,0.122684068
126,,,,left70_right30,0.514875585,0.123741317,left30_left50_right80,0.344412337,0.072466219
127,,,,left80_right30,0.380200428,0.124474552,left30_left50_right70,0.360616349,0.079604381
128,,,,left90_right30,0.367481097,0.023364319,left30_left50_right60,0.387374069,0.10419897
129,,,,peak_right30,0.750025095,0.149344465,left30_left50_right50,0.395902501,0.118130331
130,,,,peakdate_right30,0.70266991,0.144788881,left30_left50_right40,0.424898086,0.12066942
131,,,,peakvalue_right30,0.858332143,0.140806762,left30_left60_left70,0.536732327,0.022648633
132,,,,right80_right30,0.652656257,0.111803592,left30_left60_left80,0.412823376,0.004301241
133,,,,right70_right30,0.75685074,0.091049478,left30_left60_left90,0.307172897,0.026266931
134,,,,right60_right30,0.80899251,0.076328523,left30_left60_peak,0.465537388,0.04038254
135,,,,right50_right30,0.829105047,0.132406109,left30_left60_peakdate,0.530328207,0.045598999
136,,,,right40_right30,0.901680624,0.074604565,left30_left60_peakvalue,0.520235978,0.055974343
137,,,,left20_right20,0.50915633,0.290325161,left30_left60_right80,0.334216214,0.054772762
138,,,,left30_right20,0.565000606,0.23364285,left30_left60_right70,0.299535793,0.099427593
139,,,,left40_right20,0.523447804,0.284548149,left30_left60_right60,0.390357899,0.099823441
140,,,,left50_right20,0.537078468,0.175815305,left30_left60_right50,0.331384824,0.114992585
141,,,,left60_right20,0.486475623,0.209228176,left30_left60_right40,0.402097183,0.101631555
142,,,,left70_right20,0.401325534,0.237291368,left30_left70_left80,0.393660717,0.0234639
143,,,,left80_right20,0.307158766,0.197516214,left30_left70_left90,0.305852677,0.027587151
144,,,,left90_right20,0.339036416,0.051809,left30_left70_peak,0.4297552,0.126128374
145,,,,peak_right20,0.619422114,0.264992986,left30_left70_peakdate,0.454171562,0.062902091
146,,,,peakdate_right20,0.552539988,0.294918803,left30_left70_peakvalue,0.387502589,0.140131564
147,,,,peakvalue_right20,0.685486479,0.198928621,left30_left70_right80,0.304648174,0.153211104
148,,,,right80_right20,0.4991307,0.265329149,left30_left70_right70,0.313009228,0.143099194
149,,,,right70_right20,0.655266203,0.192634015,left30_left70_right60,0.354668053,0.112012647
150,,,,right60_right20,0.646195182,0.238219918,left30_left70_right50,0.354894699,0.125294403
151,,,,right50_right20,0.670853646,0.213561454,left30_left70_right40,0.3677729,0.10598641
152,,,,right40_right20,0.697605737,0.186809363,left30_left80_left90,0.231464704,0.062106239
153,,,,right30_right20,0.575401,0.3090141,left30_left80_peak,0.280198768,0.09052362
154,,,,,,,left30_left80_peakdate,0.292545259,0.072598977
155,,,,,,,left30_left80_peakvalue,0.269476703,0.114362246
156,,,,,,,left30_left80_right80,0.142706392,0.101296762
157,,,,,,,left30_left80_right70,0.171405704,0.159355654
158,,,,,,,left30_left80_right60,0.228491528,0.150345418
159,,,,,,,left30_left80_right50,0.189970448,0.158082056
160,,,,,,,left30_left80_right40,0.244060469,0.16640921
161,,,,,,,left30_left90_peak,0.296239293,0.037200535
162,,,,,,,left30_left90_peakdate,0.282190334,0.051249494
163,,,,,,,left30_left90_peakvalue,0.242614538,0.09082529
164,,,,,,,left30_left90_right80,0.23312386,0.094744106
165,,,,,,,left30_left90_right70,0.182103693,0.121366202
166,,,,,,,left30_left90_right60,0.219889045,0.086422413
167,,,,,,,left30_left90_right50,0.218419038,0.114842295
168,,,,,,,left30_left90_right40,0.254048255,0.079391573
169,,,,,,,left30_peak_peakdate,0.451494243,0.108778113
170,,,,,,,left30_peak_peakvalue,0.471308637,0.088963719
171,,,,,,,left30_peak_right80,0.355338837,0.120989982
172,,,,,,,left30_peak_right70,0.283675124,0.184122339
173,,,,,,,left30_peak_right60,0.336065811,0.221870814
174,,,,,,,left30_peak_right50,0.354780018,0.174632606
175,,,,,,,left30_peak_right40,0.360744869,0.199527487
176,,,,,,,left30_peakdate_peakvalue,0.539257019,0.147830746
177,,,,,,,left30_peakdate_right80,0.403518534,0.072810285
178,,,,,,,left30_peakdate_right70,0.387416436,0.080381027
179,,,,,,,left30_peakdate_right60,0.457038845,0.10089778
180,,,,,,,left30_peakdate_right50,0.4410229,0.088389724
181,,,,,,,left30_peakdate_right40,0.461566733,0.120260655
182,,,,,,,left30_peakvalue_right80,0.352292792,0.124036027
183,,,,,,,left30_peakvalue_right70,0.298519079,0.169278384
184,,,,,,,left30_peakvalue_right60,0.385296854,0.172639771
185,,,,,,,left30_peakvalue_right50,0.359525583,0.169887041
186,,,,,,,left30_peakvalue_right40,0.411674013,0.170153375
187,,,,,,,left30_right80_right70,0.33267684,0.135120623
188,,,,,,,left30_right80_right60,0.410204006,0.066124813
189,,,,,,,left30_right80_right50,0.381197679,0.09513114
190,,,,,,,left30_right80_right40,0.372038092,0.104290727
191,,,,,,,left30_right70_right60,0.420557483,0.04723998
192,,,,,,,left30_right70_right50,0.381972769,0.085824694
193,,,,,,,left30_right70_right40,0.415877128,0.051920335
194,,,,,,,left30_right60_right50,0.42571087,0.103701754
195,,,,,,,left30_right60_right40,0.473429667,0.084506958
196,,,,,,,left30_right50_right40,0.472393242,0.057019382
197,,,,,,,left40_left50_left60,0.554099419,0.065106762
198,,,,,,,left40_left50_left70,0.534094583,0.018336298
199,,,,,,,left40_left50_left80,0.36790894,0.03879827
200,,,,,,,left40_left50_left90,0.307262055,0.025844208
201,,,,,,,left40_left50_peak,0.446026527,0.083438908
202,,,,,,,left40_left50_peakdate,0.548034993,0.065159434
203,,,,,,,left40_left50_peakvalue,0.49758767,0.103818172
204,,,,,,,left40_left50_right80,0.363867327,0.053011229
205,,,,,,,left40_left50_right70,0.386497848,0.053722882
206,,,,,,,left40_left50_right60,0.433408423,0.058164616
207,,,,,,,left40_left50_right50,0.434448161,0.079584671
208,,,,,,,left40_left50_right40,0.449082932,0.096484574
209,,,,,,,left40_left60_left70,0.508267129,0.044163752
210,,,,,,,left40_left60_left80,0.391897255,0.014809955
211,,,,,,,left40_left60_left90,0.294687469,0.038418794
212,,,,,,,left40_left60_peak,0.458924885,0.046995043
213,,,,,,,left40_left60_peakdate,0.512598874,0.063328332
214,,,,,,,left40_left60_peakvalue,0.513983083,0.062227238
215,,,,,,,left40_left60_right80,0.31327633,0.075712646
216,,,,,,,left40_left60_right70,0.330496629,0.068466757
217,,,,,,,left40_left60_right60,0.399609957,0.090571383
218,,,,,,,left40_left60_right50,0.377797239,0.06858017
219,,,,,,,left40_left60_right40,0.423219191,0.080509547
220,,,,,,,left40_left70_left80,0.379066124,0.027641086
221,,,,,,,left40_left70_left90,0.303634464,0.029471799
222,,,,,,,left40_left70_peak,0.425712318,0.126718563
223,,,,,,,left40_left70_peakdate,0.46054857,0.056525083
224,,,,,,,left40_left70_peakvalue,0.438270082,0.089364071
225,,,,,,,left40_left70_right80,0.306917543,0.150941735
226,,,,,,,left40_left70_right70,0.331126969,0.124981453
227,,,,,,,left40_left70_right60,0.369751988,0.096928712
228,,,,,,,left40_left70_right50,0.349979932,0.13020917
229,,,,,,,left40_left70_right40,0.374586891,0.099172419
230,,,,,,,left40_left80_left90,0.232946685,0.060624258
231,,,,,,,left40_left80_peak,0.279349096,0.091373292
232,,,,,,,left40_left80_peakdate,0.287391872,0.077752364
233,,,,,,,left40_left80_peakvalue,0.271596285,0.112242664
234,,,,,,,left40_left80_right80,0.149914279,0.094088875
235,,,,,,,left40_left80_right70,0.210171722,0.120589636
236,,,,,,,left40_left80_right60,0.259795428,0.119041518
237,,,,,,,left40_left80_right50,0.237069936,0.110982568
238,,,,,,,left40_left80_right40,0.26534003,0.14136718
239,,,,,,,left40_left90_peak,0.284939751,0.048166512
240,,,,,,,left40_left90_peakdate,0.29085926,0.042247003
241,,,,,,,left40_left90_peakvalue,0.281620624,0.051485639
242,,,,,,,left40_left90_right80,0.243188532,0.084679434
243,,,,,,,left40_left90_right70,0.213632791,0.089837104
244,,,,,,,left40_left90_right60,0.266785962,0.039525496
245,,,,,,,left40_left90_right50,0.243123619,0.089982644
246,,,,,,,left40_left90_right40,0.272839646,0.060266617
247,,,,,,,left40_peak_peakdate,0.447117421,0.11259778
248,,,,,,,left40_peak_peakvalue,0.476995685,0.082719516
249,,,,,,,left40_peak_right80,0.312262342,0.152333733
250,,,,,,,left40_peak_right70,0.2843142,0.214391793
251,,,,,,,left40_peak_right60,0.362302111,0.19741309
252,,,,,,,left40_peak_right50,0.394332838,0.165382363
253,,,,,,,left40_peak_right40,0.386742786,0.172972415
254,,,,,,,left40_peakdate_peakvalue,0.594554353,0.114579321
255,,,,,,,left40_peakdate_right80,0.40050294,0.064093135
256,,,,,,,left40_peakdate_right70,0.398958933,0.09974706
257,,,,,,,left40_peakdate_right60,0.445300066,0.129028938
258,,,,,,,left40_peakdate_right50,0.434030918,0.128757816
259,,,,,,,left40_peakdate_right40,0.460690512,0.131666049
260,,,,,,,left40_peakvalue_right80,0.375792477,0.088803598
261,,,,,,,left40_peakvalue_right70,0.331727888,0.166978105
262,,,,,,,left40_peakvalue_right60,0.48496638,0.089362624
263,,,,,,,left40_peakvalue_right50,0.437673291,0.125115443
264,,,,,,,left40_peakvalue_right40,0.476910476,0.115446085
265,,,,,,,left40_right80_right70,0.345115803,0.119480272
266,,,,,,,left40_right80_right60,0.391006025,0.07359005
267,,,,,,,left40_right80_right50,0.42050946,0.044086615
268,,,,,,,left40_right80_right40,0.391808284,0.072787791
269,,,,,,,left40_right70_right60,0.432874792,0.065831201
270,,,,,,,left40_right70_right50,0.397056427,0.101649566
271,,,,,,,left40_right70_right40,0.431423076,0.067282917
272,,,,,,,left40_right60_right50,0.455385612,0.107403122
273,,,,,,,left40_right60_right40,0.484548998,0.089780006
274,,,,,,,left40_right50_right40,0.493378266,0.069410468
275,,,,,,,left50_left60_left70,0.535531221,0.042819513
276,,,,,,,left50_left60_left80,0.378608378,0.054008708
277,,,,,,,left50_left60_left90,0.298886219,0.037153564
278,,,,,,,left50_left60_peak,0.448765419,0.057154509
279,,,,,,,left50_left60_peakdate,0.515643008,0.060284198
280,,,,,,,left50_left60_peakvalue,0.461021603,0.115188718
281,,,,,,,left50_left60_right80,0.292342689,0.096646287
282,,,,,,,left50_left60_right70,0.322561983,0.076401403
283,,,,,,,left50_left60_right60,0.392476033,0.097705307
284,,,,,,,left50_left60_right50,0.383734505,0.062642904
285,,,,,,,left50_left60_right40,0.429806536,0.073922202
286,,,,,,,left50_left70_left80,0.413119945,0.019497141
287,,,,,,,left50_left70_left90,0.323504647,0.012597213
288,,,,,,,left50_left70_peak,0.434030918,0.095434517
289,,,,,,,left50_left70_peakdate,0.449839927,0.067233726
290,,,,,,,left50_left70_peakvalue,0.436606472,0.091027681
291,,,,,,,left50_left70_right80,0.299088285,0.117790271
292,,,,,,,left50_left70_right70,0.321219047,0.119001683
293,,,,,,,left50_left70_right60,0.352406529,0.114274171
294,,,,,,,left50_left70_right50,0.36844655,0.111742552
295,,,,,,,left50_left70_right40,0.409253734,0.064505576
296,,,,,,,left50_left80_left90,0.262113128,0.031457815
297,,,,,,,left50_left80_peak,0.300993827,0.069728561
298,,,,,,,left50_left80_peakdate,0.311483432,0.053660804
299,,,,,,,left50_left80_peakvalue,0.307199978,0.076638971
300,,,,,,,left50_left80_right80,0.151780459,0.092222695
301,,,,,,,left50_left80_right70,0.200527944,0.130233414
302,,,,,,,left50_left80_right60,0.254985105,0.123851841
303,,,,,,,left50_left80_right50,0.250316724,0.09773578
304,,,,,,,left50_left80_right40,0.331598048,0.078871631
305,,,,,,,left50_left90_peak,0.298367844,0.037734016
306,,,,,,,left50_left90_peakdate,0.267012608,0.069089252
307,,,,,,,left50_left90_peakvalue,0.265009444,0.071092416
308,,,,,,,left50_left90_right80,0.227299503,0.100568463
309,,,,,,,left50_left90_right70,0.205398896,0.098070999
310,,,,,,,left50_left90_right60,0.243312768,0.06299869
311,,,,,,,left50_left90_right50,0.225764738,0.107496595
312,,,,,,,left50_left90_right40,0.27946304,0.05663882
313,,,,,,,left50_peak_peakdate,0.385156361,0.144309074
314,,,,,,,left50_peak_peakvalue,0.380830539,0.148634896
315,,,,,,,left50_peak_right80,0.307740743,0.109137813
316,,,,,,,left50_peak_right70,0.287618519,0.152602211
317,,,,,,,left50_peak_right60,0.353889958,0.137683081
318,,,,,,,left50_peak_right50,0.361516645,0.152516187
319,,,,,,,left50_peak_right40,0.376577954,0.152887481
320,,,,,,,left50_peakdate_peakvalue,0.496638717,0.104767125
321,,,,,,,left50_peakdate_right80,0.331660126,0.08521843
322,,,,,,,left50_peakdate_right70,0.341684465,0.098536265
323,,,,,,,left50_peakdate_right60,0.367748824,0.123824215
324,,,,,,,left50_peakdate_right50,0.392453405,0.121579427
325,,,,,,,left50_peakdate_right40,0.411980524,0.133586982
326,,,,,,,left50_peakvalue_right80,0.290816893,0.126061663
327,,,,,,,left50_peakvalue_right70,0.326943089,0.113277641
328,,,,,,,left50_peakvalue_right60,0.40320005,0.088372989
329,,,,,,,left50_peakvalue_right50,0.360919855,0.153112977
330,,,,,,,left50_peakvalue_right40,0.420926071,0.124641435
331,,,,,,,left50_right80_right70,0.332040687,0.084837869
332,,,,,,,left50_right80_right60,0.350365363,0.066513193
333,,,,,,,left50_right80_right50,0.350960598,0.065917958
334,,,,,,,left50_right80_right40,0.335418917,0.081459639
335,,,,,,,left50_right70_right60,0.339831943,0.100388787
336,,,,,,,left50_right70_right50,0.362167668,0.078053062
337,,,,,,,left50_right70_right40,0.367990253,0.072230477
338,,,,,,,left50_right60_right50,0.421433704,0.070139335
339,,,,,,,left50_right60_right40,0.437357487,0.054215552
340,,,,,,,left50_right50_right40,0.464308809,0.049724023
341,,,,,,,left60_left70_left80,0.432012527,0.021044065
342,,,,,,,left60_left70_left90,0.326562527,0.009477256
343,,,,,,,left60_left70_peak,0.460336794,0.045583134
344,,,,,,,left60_left70_peakdate,0.466503803,0.05056985
345,,,,,,,left60_left70_peakvalue,0.446670498,0.080963655
346,,,,,,,left60_left70_right80,0.334063591,0.054925385
347,,,,,,,left60_left70_right70,0.332687216,0.06627617
348,,,,,,,left60_left70_right60,0.398620502,0.068060198
349,,,,,,,left60_left70_right50,0.377288157,0.069089252
350,,,,,,,left60_left70_right40,0.409711896,0.064047414
351,,,,,,,left60_left80_left90,0.264084567,0.029486376
352,,,,,,,left60_left80_peak,0.310153414,0.060568974
353,,,,,,,left60_left80_peakdate,0.312212871,0.052931365
354,,,,,,,left60_left80_peakvalue,0.299559869,0.08427908
355,,,,,,,left60_left80_right80,0.18303125,0.060971904
356,,,,,,,left60_left80_right70,0.232745979,0.098015379
357,,,,,,,left60_left80_right60,0.305485537,0.073351409
358,,,,,,,left60_left80_right50,0.251052452,0.097000052
359,,,,,,,left60_left80_right40,0.294688917,0.115780762
360,,,,,,,left60_left90_peak,0.304778169,0.031261614
361,,,,,,,left60_left90_peakdate,0.271939349,0.064100434
362,,,,,,,left60_left90_peakvalue,0.286289005,0.049750778
363,,,,,,,left60_left90_right80,0.249772676,0.07809529
364,,,,,,,left60_left90_right70,0.2100052,0.093464695
365,,,,,,,left60_left90_right60,0.26372953,0.042581928
366,,,,,,,left60_left90_right50,0.234747783,0.09851355
367,,,,,,,left60_left90_right40,0.265989605,0.070050178
368,,,,,,,left60_peak_peakdate,0.357635328,0.1482846
369,,,,,,,left60_peak_peakvalue,0.424351091,0.081568837
370,,,,,,,left60_peak_right80,0.330697751,0.058291225
371,,,,,,,left60_peak_right70,0.276847798,0.122115588
372,,,,,,,left60_peak_right60,0.355822256,0.134359084
373,,,,,,,left60_peak_right50,0.34480247,0.101574939
374,,,,,,,left60_peak_right40,0.354348121,0.149380617
375,,,,,,,left60_peakdate_peakvalue,0.425901467,0.150025739
376,,,,,,,left60_peakdate_right80,0.284169423,0.104819553
377,,,,,,,left60_peakdate_right70,0.289714025,0.109249361
378,,,,,,,left60_peakdate_right60,0.343436907,0.146744433
379,,,,,,,left60_peakdate_right50,0.289573532,0.156803877
380,,,,,,,left60_peakdate_right40,0.345721058,0.15800768
381,,,,,,,left60_peakvalue_right80,0.319380303,0.069608673
382,,,,,,,left60_peakvalue_right70,0.215172009,0.183791377
383,,,,,,,left60_peakvalue_right60,0.36847113,0.12171021
384,,,,,,,left60_peakvalue_right50,0.352764376,0.093613033
385,,,,,,,left60_peakvalue_right40,0.379206617,0.124522121
386,,,,,,,left60_right80_right70,0.272612999,0.116375977
387,,,,,,,left60_right80_right60,0.328088323,0.060900653
388,,,,,,,left60_right80_right50,0.311906361,0.077082615
389,,,,,,,left60_right80_right40,0.305628839,0.083360137
390,,,,,,,left60_right70_right60,0.361026799,0.037936587
391,,,,,,,left60_right70_right50,0.328658034,0.070305352
392,,,,,,,left60_right70_right40,0.34777751,0.051185876
393,,,,,,,left60_right60_right50,0.336266429,0.11011098
394,,,,,,,left60_right60_right40,0.39448383,0.09569751
395,,,,,,,left60_right50_right40,0.393240469,0.05313694
396,,,,,,,left70_left80_left90,0.290501089,0.003069854
397,,,,,,,left70_left80_peak,0.329491888,0.0412305
398,,,,,,,left70_left80_peakdate,0.325544364,0.039599872
399,,,,,,,left70_left80_peakvalue,0.348313672,0.035525277
400,,,,,,,left70_left80_right80,0.219828416,0.024174738
401,,,,,,,left70_left80_right70,0.284420145,0.046341213
402,,,,,,,left70_left80_right60,0.319999762,0.058837184
403,,,,,,,left70_left80_right50,0.296361495,0.051691009
404,,,,,,,left70_left80_right40,0.347954053,0.062515626
405,,,,,,,left70_left90_peak,0.351468231,0.016164176
406,,,,,,,left70_left90_peakdate,0.286531909,0.06746533
407,,,,,,,left70_left90_peakvalue,0.297745349,0.044655133
408,,,,,,,left70_left90_right80,0.318606614,0.009261352
409,,,,,,,left70_left90_right70,0.278041688,0.025428207
410,,,,,,,left70_left90_right60,0.277051729,0.029259729
411,,,,,,,left70_left90_right50,0.282011839,0.051249494
412,,,,,,,left70_left90_right40,0.274512224,0.076410876
413,,,,,,,left70_peak_peakdate,0.396448136,0.120625517
414,,,,,,,left70_peak_peakvalue,0.470092032,0.057542121
415,,,,,,,left70_peak_right80,0.384939008,0.07292027
416,,,,,,,left70_peak_right70,0.392871881,0.063236541
417,,,,,,,left70_peak_right60,0.409216237,0.057464463
418,,,,,,,left70_peak_right50,0.413643808,0.066545294
419,,,,,,,left70_peak_right40,0.387275943,0.086483367
420,,,,,,,left70_peakdate_peakvalue,0.401209803,0.11586385
421,,,,,,,left70_peakdate_right80,0.338056873,0.119802405
422,,,,,,,left70_peakdate_right70,0.339386387,0.116722035
423,,,,,,,left70_peakdate_right60,0.317845214,0.148835486
424,,,,,,,left70_peakdate_right50,0.332017972,0.14817113
425,,,,,,,left70_peakdate_right40,0.311271568,0.162487742
426,,,,,,,left70_peakvalue_right80,0.364843539,0.093015739
427,,,,,,,left70_peakvalue_right70,0.380930531,0.075177891
428,,,,,,,left70_peakvalue_right60,0.391120887,0.075559813
429,,,,,,,left70_peakvalue_right50,0.391810148,0.088378954
430,,,,,,,left70_peakvalue_right40,0.376112687,0.097646623
431,,,,,,,left70_right80_right70,0.378140303,0.077968119
432,,,,,,,left70_right80_right60,0.361681214,0.096178064
433,,,,,,,left70_right80_right50,0.360904568,0.09695471
434,,,,,,,left70_right80_right40,0.3413414,0.116517878
435,,,,,,,left70_right70_right60,0.404037945,0.052070477
436,,,,,,,left70_right70_right50,0.409442883,0.046665539
437,,,,,,,left70_right70_right40,0.398149243,0.057959179
438,,,,,,,left70_right60_right50,0.401272297,0.065408403
439,,,,,,,left70_right60_right40,0.410633223,0.056047477
440,,,,,,,left70_right50_right40,0.432408444,0.041350866
441,,,,,,,left80_left90_peak,0.25664839,0.036922553
442,,,,,,,left80_left90_peakdate,0.185806695,0.107764248
443,,,,,,,left80_left90_peakvalue,0.22577816,0.067792783
444,,,,,,,left80_left90_right80,0.180506526,0.063496628
445,,,,,,,left80_left90_right70,0.203321681,0.090249262
446,,,,,,,left80_left90_right60,0.236843289,0.056727654
447,,,,,,,left80_left90_right50,0.215447311,0.078123632
448,,,,,,,left80_left90_right40,0.26534003,0.028230913
449,,,,,,,left80_peak_peakdate,0.230673188,0.134471048
450,,,,,,,left80_peak_peakvalue,0.270922634,0.099799754
451,,,,,,,left80_peak_right80,0.205543674,0.03845948
452,,,,,,,left80_peak_right70,0.24088762,0.089873738
453,,,,,,,left80_peak_right60,0.254501548,0.11622084
454,,,,,,,left80_peak_right50,0.267117053,0.080935451
455,,,,,,,left80_peak_right40,0.306636556,0.064085832
456,,,,,,,left80_peakdate_peakvalue,0.255433557,0.109710679
457,,,,,,,left80_peakdate_right80,0.153631028,0.090372126
458,,,,,,,left80_peakdate_right70,0.220967837,0.109793521
459,,,,,,,left80_peakdate_right60,0.264261743,0.100882493
460,,,,,,,left80_peakdate_right50,0.232119119,0.115933385
461,,,,,,,left80_peakdate_right40,0.253882238,0.111261998
462,,,,,,,left80_peakvalue_right80,0.157056048,0.086947106
463,,,,,,,left80_peakvalue_right70,0.270210982,0.060550376
464,,,,,,,left80_peakvalue_right60,0.301514882,0.077322064
465,,,,,,,left80_peakvalue_right50,0.273042216,0.075010288
466,,,,,,,left80_peakvalue_right40,0.326929667,0.056909282
467,,,,,,,left80_right80_right70,0.190773123,0.053230031
468,,,,,,,left80_right80_right60,0.192899809,0.051103345
469,,,,,,,left80_right80_right50,0.207721049,0.036282105
470,,,,,,,left80_right80_right40,0.219050322,0.024952832
471,,,,,,,left80_right70_right60,0.294500273,0.036261085
472,,,,,,,left80_right70_right50,0.290461726,0.040299632
473,,,,,,,left80_right70_right40,0.318861928,0.01189943
474,,,,,,,left80_right60_right50,0.318884921,0.029167583
475,,,,,,,left80_right60_right40,0.349656746,0.0291802
476,,,,,,,left80_right50_right40,0.328960091,0.019092413
477,,,,,,,left90_peak_peakdate,0.313137748,0.040859491
478,,,,,,,left90_peak_peakvalue,0.326893618,0.015506864
479,,,,,,,left90_peak_right80,0.261644548,0.066223418
480,,,,,,,left90_peak_right70,0.256964194,0.046505701
481,,,,,,,left90_peak_right60,0.279665611,0.026645847
482,,,,,,,left90_peak_right50,0.28184727,0.051414063
483,,,,,,,left90_peak_right40,0.326789174,0.024133926
484,,,,,,,left90_peakdate_peakvalue,0.275528938,0.066871544
485,,,,,,,left90_peakdate_right80,0.289346886,0.03852108
486,,,,,,,left90_peakdate_right70,0.220624773,0.082845122
487,,,,,,,left90_peakdate_right60,0.1927366,0.113574858
488,,,,,,,left90_peakdate_right50,0.219545981,0.113715352
489,,,,,,,left90_peakdate_right40,0.218810253,0.132112847
490,,,,,,,left90_peakvalue_right80,0.280363841,0.047504125
491,,,,,,,left90_peakvalue_right70,0.22272028,0.080749615
492,,,,,,,left90_peakvalue_right60,0.231525333,0.074786125
493,,,,,,,left90_peakvalue_right50,0.276467237,0.056794096
494,,,,,,,left90_peakvalue_right40,0.263220448,0.079180034
495,,,,,,,left90_right80_right70,0.293764545,0.00970535
496,,,,,,,left90_right80_right60,0.266127094,0.040184364
497,,,,,,,left90_right80_right50,0.285630137,0.042237829
498,,,,,,,left90_right80_right40,0.291085906,0.03678206
499,,,,,,,left90_right70_right60,0.251410298,0.052059597
500,,,,,,,left90_right70_right50,0.242247398,0.061222497
501,,,,,,,left90_right70_right40,0.261737019,0.041732876
502,,,,,,,left90_right60_right50,0.255720833,0.050590625
503,,,,,,,left90_right60_right40,0.26516204,0.041149418
504,,,,,,,left90_right50_right40,0.295956858,0.037304475
505,,,,,,,peak_peakdate_peakvalue,0.587423325,0.095520671
506,,,,,,,peak_peakdate_right80,0.461794966,0.150780243
507,,,,,,,peak_peakdate_right70,0.485789493,0.153215388
508,,,,,,,peak_peakdate_right60,0.47051228,0.170077638
509,,,,,,,peak_peakdate_right50,0.496498224,0.184247489
510,,,,,,,peak_peakdate_right40,0.46728983,0.193930213
511,,,,,,,peak_peakvalue_right80,0.489113429,0.12346178
512,,,,,,,peak_peakvalue_right70,0.51742117,0.150969181
513,,,,,,,peak_peakvalue_right60,0.553915139,0.129636146
514,,,,,,,peak_peakvalue_right50,0.585759716,0.134384747
515,,,,,,,peak_peakvalue_right40,0.565078394,0.132623289
516,,,,,,,peak_right80_right70,0.528320499,0.08425471
517,,,,,,,peak_right80_right60,0.525338029,0.08723718
518,,,,,,,peak_right80_right50,0.536610013,0.075965196
519,,,,,,,peak_right80_right40,0.491396172,0.121179037
520,,,,,,,peak_right70_right60,0.608615373,0.059774978
521,,,,,,,peak_right70_right50,0.581598968,0.086791383
522,,,,,,,peak_right70_right40,0.560204438,0.108185913
523,,,,,,,peak_right60_right50,0.593080836,0.090470449
524,,,,,,,peak_right60_right40,0.58670085,0.096850435
525,,,,,,,peak_right50_right40,0.614017709,0.083683974
526,,,,,,,peakdate_peakvalue_right80,0.501157311,0.126297784
527,,,,,,,peakdate_peakvalue_right70,0.530655985,0.108348896
528,,,,,,,peakdate_peakvalue_right60,0.55918928,0.081400638
529,,,,,,,peakdate_peakvalue_right50,0.594135553,0.08661016
530,,,,,,,peakdate_peakvalue_right40,0.568861261,0.092358782
531,,,,,,,peakdate_right80_right70,0.504162408,0.124262854
532,,,,,,,peakdate_right80_right60,0.481069776,0.147355486
533,,,,,,,peakdate_right80_right50,0.51873871,0.109686552
534,,,,,,,peakdate_right80_right40,0.440593683,0.187831579
535,,,,,,,peakdate_right70_right60,0.548817541,0.09018734
536,,,,,,,peakdate_right70_right50,0.560777153,0.078227728
537,,,,,,,peakdate_right70_right40,0.513754525,0.125250356
538,,,,,,,peakdate_right60_right50,0.6030811,0.037508818
539,,,,,,,peakdate_right60_right40,0.587652652,0.052937266
540,,,,,,,peakdate_right50_right40,0.594531725,0.066688318
541,,,,,,,peakvalue_right80_right70,0.498048095,0.129407
542,,,,,,,peakvalue_right80_right60,0.525338029,0.102117066
543,,,,,,,peakvalue_right80_right50,0.515123093,0.112332002
544,,,,,,,peakvalue_right80_right40,0.490878122,0.136576973
545,,,,,,,peakvalue_right70_right60,0.624002814,0.071907065
546,,,,,,,peakvalue_right70_right50,0.576409532,0.119500347
547,,,,,,,peakvalue_right70_right40,0.587847702,0.108062177
548,,,,,,,peakvalue_right60_right50,0.643670426,0.107077175
549,,,,,,,peakvalue_right60_right40,0.670611511,0.08013609
550,,,,,,,peakvalue_right50_right40,0.712710207,0.083891568
551,,,,,,,right80_right70_right60,0.645563866,0.028604043
552,,,,,,,right80_right70_right50,0.604753678,0.069414231
553,,,,,,,right80_right70_right40,0.596822165,0.076294181
554,,,,,,,right80_right60_right50,0.624995453,0.068355129
555,,,,,,,right80_right60_right40,0.611136587,0.061979759
556,,,,,,,right80_right50_right40,0.62415541,0.048960936
557,,,,,,,right70_right60_right50,0.714320105,0.05052643
558,,,,,,,right70_right60_right40,0.719126161,0.045642983
559,,,,,,,right70_right50_right40,0.688512674,0.07625647
560,,,,,,,right60_right50_right40,0.759236502,0.060071478
561,,,,,,,left20_left30_right30,0.587450166,0.086582502
562,,,,,,,left20_left40_right30,0.525474768,0.110544552
563,,,,,,,left20_left50_right30,0.52187833,0.094130245
564,,,,,,,left20_left60_right30,0.449630505,0.117955674
565,,,,,,,left20_left70_right30,0.41774605,0.097129535
566,,,,,,,left20_left80_right30,0.239946148,0.14025428
567,,,,,,,left20_left90_right30,0.340418817,0.014236319
568,,,,,,,left20_peak_right30,0.483280901,0.10961344
569,,,,,,,left20_peakdate_right30,0.498939241,0.196703211
570,,,,,,,left20_peakvalue_right30,0.506489509,0.189243194
571,,,,,,,left20_right80_right30,0.413478717,0.090127853
572,,,,,,,left20_right70_right30,0.422448783,0.088161708
573,,,,,,,left20_right60_right30,0.429828722,0.16201034
574,,,,,,,left20_right50_right30,0.440452606,0.145621466
575,,,,,,,left20_right40_right30,0.465106231,0.117115052
576,,,,,,,left30_left40_right30,0.57205181,0.06396751
577,,,,,,,left30_left50_right30,0.523845651,0.107670963
578,,,,,,,left30_left60_right30,0.497054376,0.070531803
579,,,,,,,left30_left70_right30,0.433342704,0.081532881
580,,,,,,,left30_left80_right30,0.247640558,0.13255987
581,,,,,,,left30_left90_right30,0.290443634,0.042996194
582,,,,,,,left30_peak_right30,0.418645031,0.141627325
583,,,,,,,left30_peakdate_right30,0.510291776,0.163740892
584,,,,,,,left30_peakvalue_right30,0.507765165,0.166267503
585,,,,,,,left30_right80_right30,0.376572091,0.099756728
586,,,,,,,left30_right70_right30,0.373957089,0.093840374
587,,,,,,,left30_right60_right30,0.415106348,0.142830277
588,,,,,,,left30_right50_right30,0.391960912,0.137451712
589,,,,,,,left30_right40_right30,0.445135605,0.136691783
590,,,,,,,left40_left50_right30,0.495036299,0.136480315
591,,,,,,,left40_left60_right30,0.45677791,0.110808269
592,,,,,,,left40_left70_right30,0.374673456,0.140202129
593,,,,,,,left40_left80_right30,0.231252082,0.148948346
594,,,,,,,left40_left90_right30,0.260268749,0.072837514
595,,,,,,,left40_peak_right30,0.428345234,0.131369967
596,,,,,,,left40_peakdate_right30,0.473008474,0.163010846
597,,,,,,,left40_peakvalue_right30,0.463063453,0.172955867
598,,,,,,,left40_right80_right30,0.390071478,0.074524597
599,,,,,,,left40_right70_right30,0.408166775,0.090539218
600,,,,,,,left40_right60_right30,0.398466572,0.175862432
601,,,,,,,left40_right50_right30,0.384499035,0.178289699
602,,,,,,,left40_right40_right30,0.450215013,0.142141548
603,,,,,,,left50_left60_right30,0.485494008,0.082092171
604,,,,,,,left50_left70_right30,0.453609554,0.061266031
605,,,,,,,left50_left80_right30,0.28178804,0.098412388
606,,,,,,,left50_left90_right30,0.285446164,0.050655696
607,,,,,,,left50_peak_right30,0.412434108,0.117031327
608,,,,,,,left50_peakdate_right30,0.516044084,0.097150343
609,,,,,,,left50_peakvalue_right30,0.496556772,0.10484907
610,,,,,,,left50_right80_right30,0.320034012,0.096844544
611,,,,,,,left50_right70_right30,0.357228922,0.082991808
612,,,,,,,left50_right60_right30,0.389408114,0.102164925
613,,,,,,,left50_right50_right30,0.394575914,0.119456918
614,,,,,,,left50_right40_right30,0.417054903,0.128512603
615,,,,,,,left60_left70_right30,0.448523693,0.066351892
616,,,,,,,left60_left80_right30,0.273948001,0.106252427
617,,,,,,,left60_left90_right30,0.304411171,0.031628612
618,,,,,,,left60_peak_right30,0.39495259,0.110967338
619,,,,,,,left60_peakdate_right30,0.41862033,0.148965849
620,,,,,,,left60_peakvalue_right30,0.435895502,0.131690677
621,,,,,,,left60_right80_right30,0.309453595,0.079535381
622,,,,,,,left60_right70_right30,0.332806345,0.066157041
623,,,,,,,left60_right60_right30,0.365507841,0.124673499
624,,,,,,,left60_right50_right30,0.28672182,0.159655589
625,,,,,,,left60_right40_right30,0.341984244,0.161744494
626,,,,,,,left70_left80_right30,0.330864242,0.049336186
627,,,,,,,left70_left90_right30,0.295233272,0.072247825
628,,,,,,,left70_peak_right30,0.40084904,0.114026545
629,,,,,,,left70_peakdate_right30,0.384604706,0.130270879
630,,,,,,,left70_peakvalue_right30,0.410573944,0.104301641
631,,,,,,,left70_right80_right30,0.332285527,0.125573751
632,,,,,,,left70_right70_right30,0.390539628,0.065568794
633,,,,,,,left70_right60_right30,0.389288673,0.077392027
634,,,,,,,left70_right50_right30,0.369279057,0.110910045
635,,,,,,,left70_right40_right30,0.373811461,0.099947849
636,,,,,,,left80_left90_right30,0.186833659,0.106737284
637,,,,,,,left80_peak_right30,0.251820987,0.118901401
638,,,,,,,left80_peakdate_right30,0.259225626,0.10591861
639,,,,,,,left80_peakvalue_right30,0.303449987,0.076750441
640,,,,,,,left80_right80_right30,0.165171712,0.078831442
641,,,,,,,left80_right70_right30,0.261897866,0.068863492
642,,,,,,,left80_right60_right30,0.266857833,0.111979113
643,,,,,,,left80_right50_right30,0.247408025,0.100644479
644,,,,,,,left80_right40_right30,0.28436457,0.095835858
645,,,,,,,left90_peak_right30,0.315619564,0.051861533
646,,,,,,,left90_peakdate_right30,0.261463952,0.092533287
647,,,,,,,left90_peakvalue_right30,0.256233949,0.086166533
648,,,,,,,left90_right80_right30,0.264681711,0.063186255
649,,,,,,,left90_right70_right30,0.271100466,0.032369429
650,,,,,,,left90_right60_right30,0.257277071,0.049034387
651,,,,,,,left90_right50_right30,0.239505782,0.093755551
652,,,,,,,left90_right40_right30,0.298282187,0.052640913
653,,,,,,,peak_peakdate_right30,0.471757519,0.211186477
654,,,,,,,peak_peakvalue_right30,0.553096338,0.196928757
655,,,,,,,peak_right80_right30,0.452154033,0.160421176
656,,,,,,,peak_right70_right30,0.520055669,0.148334682
657,,,,,,,peak_right60_right30,0.506803981,0.176747304
658,,,,,,,peak_right50_right30,0.565265914,0.154878549
659,,,,,,,peak_right40_right30,0.577190673,0.12051101
660,,,,,,,peakdate_peakvalue_right30,0.62269069,0.07997922
661,,,,,,,peakdate_right80_right30,0.44658159,0.181843672
662,,,,,,,peakdate_right70_right30,0.52501415,0.113990731
663,,,,,,,peakdate_right60_right30,0.553617156,0.086972762
664,,,,,,,peakdate_right50_right30,0.545023766,0.135721947
665,,,,,,,peakdate_right40_right30,0.556169954,0.105050089
666,,,,,,,peakvalue_right80_right30,0.41951931,0.207935785
667,,,,,,,peakvalue_right70_right30,0.510122932,0.185786947
668,,,,,,,peakvalue_right60_right30,0.579926085,0.170821516
669,,,,,,,peakvalue_right50_right30,0.559281073,0.237320702
670,,,,,,,peakvalue_right40_right30,0.644623642,0.184161567
671,,,,,,,right80_right70_right30,0.542691217,0.10996504
672,,,,,,,right80_right60_right30,0.560646606,0.092009651
673,,,,,,,right80_right50_right30,0.532904109,0.119752148
674,,,,,,,right80_right40_right30,0.551209987,0.10144627
675,,,,,,,right70_right60_right30,0.636803855,0.120046885
676,,,,,,,right70_right50_right30,0.605038842,0.151811898
677,,,,,,,right70_right40_right30,0.638180186,0.118670554
678,,,,,,,right60_right50_right30,0.675973508,0.133019002
679,,,,,,,right60_right40_right30,0.713467391,0.095525119
680,,,,,,,right50_right40_right30,0.751389689,0.077715358
681,,,,,,,left20_left30_right20,0.406566964,0.102589366
682,,,,,,,left20_left40_right20,0.414989563,0.094166767
683,,,,,,,left20_left50_right20,0.403814863,0.105341467
684,,,,,,,left20_left60_right20,0.414989563,0.07148606
685,,,,,,,left20_left70_right20,0.309648096,0.091677438
686,,,,,,,left20_left80_right20,0.188333535,0.118825231
687,,,,,,,left20_left90_right20,0.267550356,0.07148606
688,,,,,,,left20_peak_right20,0.366958554,0.142197776
689,,,,,,,left20_peakdate_right20,0.381134156,0.128022174
690,,,,,,,left20_peakvalue_right20,0.314889526,0.194266804
691,,,,,,,left20_right80_right20,0.37666707,0.12246363
692,,,,,,,left20_right70_right20,0.443740387,0.065415943
693,,,,,,,left20_right60_right20,0.498298744,0.010857586
694,,,,,,,left20_right50_right20,0.420230993,0.088925337
695,,,,,,,left20_right40_right20,0.443423274,0.065733056
696,,,,,,,left30_left40_right20,0.470833838,0.052613966
697,,,,,,,left30_left50_right20,0.388864916,0.148213552
698,,,,,,,left30_left60_right20,0.352008607,0.134467016
699,,,,,,,left30_left70_right20,0.293037506,0.108288028
700,,,,,,,left30_left80_right20,0.135752934,0.171405832
701,,,,,,,left30_left90_right20,0.190311291,0.143128537
702,,,,,,,left30_peak_right20,0.381134156,0.1791382
703,,,,,,,left30_peakdate_right20,0.33181723,0.220722758
704,,,,,,,left30_peakvalue_right20,0.329839473,0.235161133
705,,,,,,,left30_right80_right20,0.341525746,0.134803073
706,,,,,,,left30_right70_right20,0.416275481,0.051521982
707,,,,,,,left30_right60_right20,0.446175375,0.11176125
708,,,,,,,left30_right50_right20,0.378644827,0.150767797
709,,,,,,,left30_right40_right20,0.387204274,0.177796332
710,,,,,,,left40_left50_right20,0.457861647,0.065586157
711,,,,,,,left40_left60_right20,0.392308856,0.094166767
712,,,,,,,left40_left70_right20,0.292208819,0.109116715
713,,,,,,,left40_left80_right20,0.242891892,0.064266874
714,,,,,,,left40_left90_right20,0.267550356,0.065555907
715,,,,,,,left40_peak_right20,0.476449993,0.046997811
716,,,,,,,left40_peakdate_right20,0.394106347,0.129341457
717,,,,,,,left40_peakvalue_right20,0.395255416,0.128192388
718,,,,,,,left40_right80_right20,0.419402306,0.045193769
719,,,,,,,left40_right70_right20,0.40330329,0.095402703
720,,,,,,,left40_right60_right20,0.440933944,0.08251386
721,,,,,,,left40_right50_right20,0.387204274,0.13624353
722,,,,,,,left40_right40_right20,0.402474603,0.120973201
723,,,,,,,left50_left60_right20,0.41103405,0.075441573
724,,,,,,,left50_left70_right20,0.317695969,0.083629565
725,,,,,,,left50_left80_right20,0.175361344,0.131797422
726,,,,,,,left50_left90_right20,0.244869649,0.091232211
727,,,,,,,left50_peak_right20,0.411862737,0.117602698
728,,,,,,,left50_peakdate_right20,0.356475693,0.180602775
729,,,,,,,left50_peakvalue_right20,0.322108713,0.214969755
730,,,,,,,left50_right80_right20,0.39442346,0.022455096
731,,,,,,,left50_right70_right20,0.36893631,0.07128442
732,,,,,,,left50_right60_right20,0.467570164,0.024002875
733,,,,,,,left50_right50_right20,0.40330329,0.110729542
734,,,,,,,left50_right40_right20,0.425983997,0.111094471
735,,,,,,,left60_left70_right20,0.373914969,0.027410565
736,,,,,,,left60_left80_right20,0.267550356,0.03960841
737,,,,,,,left60_left90_right20,0.307158766,0.028881017
738,,,,,,,left60_peak_right20,0.425983997,0.060491626
739,,,,,,,left60_peakdate_right20,0.341525746,0.144949877
740,,,,,,,left60_peakvalue_right20,0.292208819,0.194266804
741,,,,,,,left60_right80_right20,0.393594774,-0.004605798
742,,,,,,,left60_right70_right20,0.426301111,-0.027337725
743,,,,,,,left60_right60_right20,0.458690334,0.027785289
744,,,,,,,left60_right50_right20,0.39557253,0.050804879
745,,,,,,,left60_right40_right20,0.41876481,0.067710813
746,,,,,,,left70_left80_right20,0.175361344,0.131797422
747,,,,,,,left70_left90_right20,0.254578165,0.084458251
748,,,,,,,left70_peak_right20,0.36254581,0.038779724
749,,,,,,,left70_peakdate_right20,0.259819596,0.141505938
750,,,,,,,left70_peakvalue_right20,0.247358978,0.153966556
751,,,,,,,left70_right80_right20,0.301917336,0.099408198
752,,,,,,,left70_right70_right20,0.372254327,0.029071207
753,,,,,,,left70_right60_right20,0.378644827,0.022680707
754,,,,,,,left70_right50_right20,0.295472494,0.10585304
755,,,,,,,left70_right40_right20,0.327350144,0.07397539
756,,,,,,,left80_left90_right20,0.242891892,0.050679051
757,,,,,,,left80_peak_right20,0.294186575,0.012972191
758,,,,,,,left80_peakdate_right20,0.079216821,0.227941945
759,,,,,,,left80_peakvalue_right20,0.173383588,0.133775178
760,,,,,,,left80_right80_right20,0.214969755,0.029033399
761,,,,,,,left80_right70_right20,0.214969755,0.092189011
762,,,,,,,left80_right60_right20,0.173383588,0.133775178
763,,,,,,,left80_right50_right20,0.173383588,0.133775178
764,,,,,,,left80_right40_right20,0.222700515,0.084458251
765,,,,,,,left90_peak_right20,0.318845039,0.020191377
766,,,,,,,left90_peakdate_right20,0.173383588,0.165652828
767,,,,,,,left90_peakvalue_right20,0.237650462,0.101385954
768,,,,,,,left90_right80_right20,0.318845039,0.009022927
769,,,,,,,left90_right70_right20,0.254578165,0.04889173
770,,,,,,,left90_right60_right20,0.227941946,0.078369512
771,,,,,,,left90_right50_right20,0.173383588,0.159877745
772,,,,,,,left90_right40_right20,0.222700515,0.116335901
773,,,,,,,peak_peakdate_right20,0.353986363,0.198553625
774,,,,,,,peak_peakvalue_right20,0.445718143,0.173703971
775,,,,,,,peak_right80_right20,0.463103078,0.036027622
776,,,,,,,peak_right70_right20,0.475618037,0.143804077
777,,,,,,,peak_right60_right20,0.506029505,0.113392609
778,,,,,,,peak_right50_right20,0.459839404,0.15958271
779,,,,,,,peak_right40_right20,0.460350977,0.159071137
780,,,,,,,peakdate_peakvalue_right20,0.37142564,0.181114348
781,,,,,,,peakdate_right80_right20,0.314377953,0.184752747
782,,,,,,,peakdate_right70_right20,0.418253237,0.134286751
783,,,,,,,peakdate_right60_right20,0.45064246,0.101897528
784,,,,,,,peakdate_right50_right20,0.396084103,0.156455885
785,,,,,,,peakdate_right40_right20,0.37142564,0.181114348
786,,,,,,,peakvalue_right80_right20,0.35252018,0.14661052
787,,,,,,,peakvalue_right70_right20,0.485783785,0.169482418
788,,,,,,,peakvalue_right60_right20,0.455883891,0.190311291
789,,,,,,,peakvalue_right50_right20,0.472811594,0.198042052
790,,,,,,,peakvalue_right40_right20,0.490567984,0.194918495
791,,,,,,,right80_right70_right20,0.441445517,0.057685183
792,,,,,,,right80_right60_right20,0.463103078,0.036027622
793,,,,,,,right80_right50_right20,0.401325534,0.097805166
794,,,,,,,right80_right40_right20,0.419081924,0.080048776
795,,,,,,,right70_right60_right20,0.593614581,0.052580601
796,,,,,,,right70_right50_right20,0.574197549,0.081068654
797,,,,,,,right70_right40_right20,0.609393215,0.045872988
798,,,,,,,right60_right50_right20,0.554834858,0.091360324
799,,,,,,,right60_right40_right20,0.572219792,0.07397539
800,,,,,,,right50_right40_right20,0.648172939,0.022680707
801,,,,,,,left20_right30_right20,0.212991999,0.296164331
802,,,,,,,left30_right30_right20,0.307158766,0.25784184
803,,,,,,,left40_right30_right20,0.252600409,0.270847395
804,,,,,,,left50_right30_right20,0.307158766,0.229919702
805,,,,,,,left60_right30_right20,0.267550356,0.218925267
806,,,,,,,left70_right30_right20,0.212991999,0.188333535
807,,,,,,,left80_right30_right20,0.094166768,0.212991998
808,,,,,,,left90_right30_right20,0.079216821,0.259819595
809,,,,,,,peak_right30_right20,0.277258872,0.298142128
810,,,,,,,peakdate_right30_right20,0.316867283,0.235672705
811,,,,,,,peakvalue_right30_right20,0.346767176,0.228633824
812,,,,,,,right80_right30_right20,0.212991999,0.286138701
813,,,,,,,right70_right30_right20,0.33181723,0.24358377
814,,,,,,,right60_right30_right20,0.292208819,0.283192181
815,,,,,,,right50_right30_right20,0.394106347,0.181294653
816,,,,,,,right40_right30_right20,0.363377766,0.212023234